,1-shot,1-shot,1-shot,5-shot,5-shot,5-shot,10-shot,10-shot,10-shot
,accuracy,precision,recall,accuracy,precision,recall,accuracy,precision,recall
5-way,0.94304,0.9430399959087372,0.9430399959087372,0.98472,0.9847199958562851,0.9847199958562851,0.98792,0.9879199956655502,0.9879199956655502
10-way,0.9034,0.9033999962806701,0.9033999962806701,0.9676,0.9676000018119812,0.9676000018119812,0.97316,0.9731600023508072,0.9731600023508072
15-way,0.8681333333333333,0.8681333363056183,0.8681333363056183,0.95696,0.9569600030183792,0.9569600030183792,0.9626666666666667,0.9626666693687439,0.9626666693687439
20-way,0.84646,0.846459998846054,0.846459998846054,0.94628,0.9462800025939941,0.9462800025939941,0.95558,0.9555800009965897,0.9555800009965897
