,1-shot,1-shot,1-shot,5-shot,5-shot,5-shot,10-shot,10-shot,10-shot
,accuracy,precision,recall,accuracy,precision,recall,accuracy,precision,recall
5-way,0.94464,0.9446399947404861,0.9545650709867477,0.98096,0.9809599986076355,0.9842342796325684,0.98664,0.9866399980783462,0.9889252345561981
10-way,0.906,0.9060000511407852,0.9198464704751969,0.96728,0.9672800768613815,0.9728034125566483,0.97504,0.9750400844812394,0.9791567524671555
15-way,0.8726666666666667,0.8726666734218598,0.8886554354429245,0.9549066666666667,0.9549066627025604,0.9623063668012619,0.9638666666666666,0.9638666579723358,0.9697785350084305
20-way,0.84924,0.8492400163412094,0.8665030845403672,0.94482,0.9448200562000275,0.9541446441411972,0.9562,0.956200072646141,0.9631680496931077
